<metadata xml:lang="en"><Esri><CreaDate>20151113</CreaDate><CreaTime>12050400</CreaTime><ArcGISFormat>1.0</ArcGISFormat><SyncOnce>FALSE</SyncOnce><DataProperties><lineage><Process Date="20151113" Time="120504" ToolSource="c:\program files\arcgis\pro\Resources\ArcToolbox\Toolboxes\Data Management Tools.tbx\CreateFeatureclass">CreateFeatureclass C:\dt\quests\at201309131330_snapping_points_to_rivergrid\data\master.gdb catchments_v2016 Polygon # No No "PROJCS['British_National_Grid',GEOGCS['GCS_OSGB_1936',DATUM['D_OSGB_1936',SPHEROID['Airy_1830',6377563.396,299.3249646]],PRIMEM['Greenwich',0.0],UNIT['Degree',0.0174532925199433]],PROJECTION['Transverse_Mercator'],PARAMETER['False_Easting',400000.0],PARAMETER['False_Northing',-100000.0],PARAMETER['Central_Meridian',-2.0],PARAMETER['Scale_Factor',0.9996012717],PARAMETER['Latitude_Of_Origin',49.0],UNIT['Meter',1.0]];-5220400 -15524400 10000;-100000 10000;-100000 10000;0.001;0.001;0.001;IsHighPrecision" # 0 0 0</Process><Process Date="20151113" Time="120504" ToolSource="c:\program files\arcgis\pro\Resources\ArcToolbox\Toolboxes\Data Management Tools.tbx\AddField">AddField C:\dt\quests\at201309131330_snapping_points_to_rivergrid\data\master.gdb\catchments_v2016 ugID "Long (large integer)" # # # # NULLABLE NON_REQUIRED #</Process><Process Date="20151113" Time="120719" ToolSource="c:\program files\arcgis\pro\Resources\ArcToolbox\Toolboxes\Data Management Tools.tbx\AddField">AddField C:\dt\quests\at201309131330_snapping_points_to_rivergrid\data\master.gdb\catchments_v2016 zn "Short (small integer)" # # # # NULLABLE NON_REQUIRED #</Process><Process Date="20151113" Time="120719" ToolSource="c:\program files\arcgis\pro\Resources\ArcToolbox\Toolboxes\Data Management Tools.tbx\AddField">AddField C:\dt\quests\at201309131330_snapping_points_to_rivergrid\data\master.gdb\catchments_v2016 east "Long (large integer)" # # # # NULLABLE NON_REQUIRED #</Process><Process Date="20151113" Time="120719" ToolSource="c:\program files\arcgis\pro\Resources\ArcToolbox\Toolboxes\Data Management Tools.tbx\AddField">AddField C:\dt\quests\at201309131330_snapping_points_to_rivergrid\data\master.gdb\catchments_v2016 north "Long (large integer)" # # # # NULLABLE NON_REQUIRED #</Process><Process Date="20151113" Time="120720" ToolSource="c:\program files\arcgis\pro\Resources\ArcToolbox\Toolboxes\Data Management Tools.tbx\AddField">AddField C:\dt\quests\at201309131330_snapping_points_to_rivergrid\data\master.gdb\catchments_v2016 ceast "Long (large integer)" # # # # NULLABLE NON_REQUIRED #</Process><Process Date="20151113" Time="120720" ToolSource="c:\program files\arcgis\pro\Resources\ArcToolbox\Toolboxes\Data Management Tools.tbx\AddField">AddField C:\dt\quests\at201309131330_snapping_points_to_rivergrid\data\master.gdb\catchments_v2016 cnorth "Long (large integer)" # # # # NULLABLE NON_REQUIRED #</Process><Process Date="20151113" Time="120721" ToolSource="c:\program files\arcgis\pro\Resources\ArcToolbox\Toolboxes\Data Management Tools.tbx\AddField">AddField C:\dt\quests\at201309131330_snapping_points_to_rivergrid\data\master.gdb\catchments_v2016 kmsq "Double  (double precision)" # # # # NULLABLE NON_REQUIRED #</Process><Process Date="20151113" Time="120721" ToolSource="c:\program files\arcgis\pro\Resources\ArcToolbox\Toolboxes\Data Management Tools.tbx\AddField">AddField C:\dt\quests\at201309131330_snapping_points_to_rivergrid\data\master.gdb\catchments_v2016 sr41 "Short (small integer)" # # # # NULLABLE NON_REQUIRED #</Process><Process Date="20151113" Time="120722" ToolSource="c:\program files\arcgis\pro\Resources\ArcToolbox\Toolboxes\Data Management Tools.tbx\AddField">AddField C:\dt\quests\at201309131330_snapping_points_to_rivergrid\data\master.gdb\catchments_v2016 sr61 "Short (small integer)" # # # # NULLABLE NON_REQUIRED #</Process><Process Date="20151113" Time="120722" ToolSource="c:\program files\arcgis\pro\Resources\ArcToolbox\Toolboxes\Data Management Tools.tbx\AddField">AddField C:\dt\quests\at201309131330_snapping_points_to_rivergrid\data\master.gdb\catchments_v2016 pote "Short (small integer)" # # # # NULLABLE NON_REQUIRED #</Process><Process Date="20151113" Time="120723" ToolSource="c:\program files\arcgis\pro\Resources\ArcToolbox\Toolboxes\Data Management Tools.tbx\AddField">AddField C:\dt\quests\at201309131330_snapping_points_to_rivergrid\data\master.gdb\catchments_v2016 ae41 "Short (small integer)" # # # # NULLABLE NON_REQUIRED #</Process><Process Date="20151113" Time="120723" ToolSource="c:\program files\arcgis\pro\Resources\ArcToolbox\Toolboxes\Data Management Tools.tbx\AddField">AddField C:\dt\quests\at201309131330_snapping_points_to_rivergrid\data\master.gdb\catchments_v2016 ae61 "Short (small integer)" # # # # NULLABLE NON_REQUIRED #</Process><Process Date="20151113" Time="120723" ToolSource="c:\program files\arcgis\pro\Resources\ArcToolbox\Toolboxes\Data Management Tools.tbx\AddField">AddField C:\dt\quests\at201309131330_snapping_points_to_rivergrid\data\master.gdb\catchments_v2016 ro41 "Short (small integer)" # # # # NULLABLE NON_REQUIRED #</Process><Process Date="20151113" Time="120724" ToolSource="c:\program files\arcgis\pro\Resources\ArcToolbox\Toolboxes\Data Management Tools.tbx\AddField">AddField C:\dt\quests\at201309131330_snapping_points_to_rivergrid\data\master.gdb\catchments_v2016 ro61 "Short (small integer)" # # # # NULLABLE NON_REQUIRED #</Process><Process Date="20151113" Time="120724" ToolSource="c:\program files\arcgis\pro\Resources\ArcToolbox\Toolboxes\Data Management Tools.tbx\AddField">AddField C:\dt\quests\at201309131330_snapping_points_to_rivergrid\data\master.gdb\catchments_v2016 flow41 "Double  (double precision)" # # # # NULLABLE NON_REQUIRED #</Process><Process Date="20151113" Time="120724" ToolSource="c:\program files\arcgis\pro\Resources\ArcToolbox\Toolboxes\Data Management Tools.tbx\AddField">AddField C:\dt\quests\at201309131330_snapping_points_to_rivergrid\data\master.gdb\catchments_v2016 flow61 "Double  (double precision)" # # # # NULLABLE NON_REQUIRED #</Process><Process Date="20151113" Time="120725" ToolSource="c:\program files\arcgis\pro\Resources\ArcToolbox\Toolboxes\Data Management Tools.tbx\AddField">AddField C:\dt\quests\at201309131330_snapping_points_to_rivergrid\data\master.gdb\catchments_v2016 msg Text # # 200 # NULLABLE NON_REQUIRED #</Process><Process Date="20151113" Time="120725" ToolSource="C:\dt\shared\Tools\Toolbox.tbx\CatchmentsTstcd">CatchmentsTstcd C:\dt\quests\at201309131330_snapping_points_to_rivergrid\data\scratch.gdb\pts39 2 "PROJCS['British_National_Grid',GEOGCS['GCS_OSGB_1936',DATUM['D_OSGB_1936',SPHEROID['Airy_1830',6377563.396,299.3249646]],PRIMEM['Greenwich',0.0],UNIT['Degree',0.0174532925199433]],PROJECTION['Transverse_Mercator'],PARAMETER['False_Easting',400000.0],PARAMETER['False_Northing',-100000.0],PARAMETER['Central_Meridian',-2.0],PARAMETER['Scale_Factor',0.9996012717],PARAMETER['Latitude_Of_Origin',49.0],UNIT['Meter',1.0]];-5220400 -15524400 10000;-100000 10000;-100000 10000;0.001;0.001;0.001;IsHighPrecision" DTM_EASTING DTM_NORTHING STATION 27700 "DTM_EASTING is not NULL and DTM_NORTHING is not NULL" C:\dt\quests\at201309131330_snapping_points_to_rivergrid\data\master.gdb\catchments_v2016 C:\dt\portables\putty\plink.exe 192.171.172.65 filkra c:/TEMP/pwd.txt /users/wrmod/filkra/catchmentdelineation/callTstcd.py U:\catchmentdelineation\callTstcd.py C:\dt\quests\at201309131330_snapping_points_to_rivergrid\data\scratch.gdb\errors14 C:\Users\filkra\AppData\Local\Temp\log_tstcdimp_20151113120114_gdt7qup4.txt</Process><Process Date="20151113" Time="120726" ToolSource="c:\program files\arcgis\pro\Resources\ArcToolbox\Toolboxes\Data Management Tools.tbx\AddField">AddField C:\dt\quests\at201309131330_snapping_points_to_rivergrid\data\master.gdb\catchments_v2016 STATION "Long (large integer)" # # # # NULLABLE NON_REQUIRED #</Process><Process Date="20151113" Time="120726" ToolSource="c:\program files\arcgis\pro\Resources\ArcToolbox\Toolboxes\Data Management Tools.tbx\CalculateField">CalculateField C:\dt\quests\at201309131330_snapping_points_to_rivergrid\data\master.gdb\catchments_v2016 STATION int(!ugID!) PYTHON_9.3 #</Process><Process Date="20151113" Time="120728" ToolSource="c:\program files\arcgis\pro\Resources\ArcToolbox\Toolboxes\Data Management Tools.tbx\AddField">AddField C:\dt\quests\at201309131330_snapping_points_to_rivergrid\data\master.gdb\catchments_v2016 isSpecial "Short (small integer)" # # # # NULLABLE NON_REQUIRED #</Process><Process Date="20151113" Time="120728" ToolSource="c:\program files\arcgis\pro\Resources\ArcToolbox\Toolboxes\Data Management Tools.tbx\CalculateField">CalculateField C:\dt\quests\at201309131330_snapping_points_to_rivergrid\data\master.gdb\catchments_v2016 isSpecial 0 PYTHON_9.3 #</Process><Process Date="20151113" Time="120729" ToolSource="c:\program files\arcgis\pro\Resources\ArcToolbox\Toolboxes\Data Management Tools.tbx\Append">Append C:\dt\quests\at201309131330_snapping_points_to_rivergrid\data\special_catcgments.gdb\special_catchments_gb C:\dt\quests\at201309131330_snapping_points_to_rivergrid\data\master.gdb\catchments_v2016 "Use the Field Map to reconcile schema differences" "Shape_Length "Shape_Length" false true true 8 Double 0 0,First,#,C:\dt\quests\at201309131330_snapping_points_to_rivergrid\data\special_catcgments.gdb\special_catchments_gb,Shape_Length,-1,-1;Shape_Area "Shape_Area" false true true 8 Double 0 0,First,#,C:\dt\quests\at201309131330_snapping_points_to_rivergrid\data\special_catcgments.gdb\special_catchments_gb,Shape_Area,-1,-1;ugID "ugID" true true false 4 Long 0 0,First,#;zn "zn" true true false 2 Short 0 0,First,#;east "east" true true false 4 Long 0 0,First,#;north "north" true true false 4 Long 0 0,First,#;ceast "ceast" true true false 4 Long 0 0,First,#;cnorth "cnorth" true true false 4 Long 0 0,First,#;kmsq "kmsq" true true false 8 Double 0 0,First,#;sr41 "sr41" true true false 2 Short 0 0,First,#;sr61 "sr61" true true false 2 Short 0 0,First,#;pote "pote" true true false 2 Short 0 0,First,#;ae41 "ae41" true true false 2 Short 0 0,First,#;ae61 "ae61" true true false 2 Short 0 0,First,#;ro41 "ro41" true true false 2 Short 0 0,First,#;ro61 "ro61" true true false 2 Short 0 0,First,#;flow41 "flow41" true true false 8 Double 0 0,First,#;flow61 "flow61" true true false 8 Double 0 0,First,#;msg "msg" true true false 200 Text 0 0,First,#;STATION "STATION" true true false 4 Long 0 0,First,#,C:\dt\quests\at201309131330_snapping_points_to_rivergrid\data\special_catcgments.gdb\special_catchments_gb,STATION,-1,-1;isSpecial "isSpecial" true true false 2 Short 0 0,First,#,C:\dt\quests\at201309131330_snapping_points_to_rivergrid\data\special_catcgments.gdb\special_catchments_gb,isSpecial,-1,-1" #</Process><Process Date="20151113" Time="120730" ToolSource="c:\program files\arcgis\pro\Resources\ArcToolbox\Toolboxes\Data Management Tools.tbx\AddField">AddField C:\dt\quests\at201309131330_snapping_points_to_rivergrid\data\master.gdb\catchments_v2016 IDO "Long (large integer)" # # # # NULLABLE NON_REQUIRED #</Process><Process Date="20151113" Time="120730" ToolSource="c:\program files\arcgis\pro\Resources\ArcToolbox\Toolboxes\Data Management Tools.tbx\CalculateField">CalculateField C:\dt\quests\at201309131330_snapping_points_to_rivergrid\data\master.gdb\catchments_v2016 IDO !STATION! PYTHON_9.3 #</Process><Process Date="20151113" Time="120731" ToolSource="c:\program files\arcgis\pro\Resources\ArcToolbox\Toolboxes\Data Management Tools.tbx\AddField">AddField C:\dt\quests\at201309131330_snapping_points_to_rivergrid\data\master.gdb\catchments_v2016 HA "Short (small integer)" # # # # NULLABLE NON_REQUIRED #</Process><Process Date="20151113" Time="120731" ToolSource="c:\program files\arcgis\pro\Resources\ArcToolbox\Toolboxes\Data Management Tools.tbx\CalculateField">CalculateField C:\dt\quests\at201309131330_snapping_points_to_rivergrid\data\master.gdb\catchments_v2016 HA int(!STATION!/1000.0) PYTHON_9.3 #</Process><Process Date="20151113" Time="120733" ToolSource="c:\program files\arcgis\pro\Resources\ArcToolbox\Toolboxes\Data Management Tools.tbx\CopyFeatures">CopyFeatures C:\dt\quests\at201309131330_snapping_points_to_rivergrid\data\master.gdb\catchments_v2016 c:\TEMP\nrfa_catchments_gb_v2016.shp # # # #</Process><Process Date="20161209" Time="123328" ToolSource="c:\program files (x86)\arcgis\desktop10.4\ArcToolbox\Toolboxes\Data Management Tools.tbx\CalculateField">CalculateField nrfa_catchments_gb_v2016 IDO 38033 VB #</Process><Process Date="20161209" Time="123332" ToolSource="c:\program files (x86)\arcgis\desktop10.4\ArcToolbox\Toolboxes\Data Management Tools.tbx\CalculateField">CalculateField nrfa_catchments_gb_v2016 STATION 38033 VB #</Process><Process Date="20161209" Time="123340" ToolSource="c:\program files (x86)\arcgis\desktop10.4\ArcToolbox\Toolboxes\Data Management Tools.tbx\CalculateField">CalculateField nrfa_catchments_gb_v2016 HA 38 VB #</Process><Process Date="20161209" Time="123352" ToolSource="c:\program files (x86)\arcgis\desktop10.4\ArcToolbox\Toolboxes\Data Management Tools.tbx\CalculateField">CalculateField nrfa_catchments_gb_v2016 ugID 38033 VB #</Process><Process Date="20161209" Time="123520" ToolSource="c:\program files (x86)\arcgis\desktop10.4\ArcToolbox\Toolboxes\Data Management Tools.tbx\CalculateField">CalculateField nrfa_catchments_gb_v2016 ugID 41038 VB #</Process><Process Date="20161209" Time="123527" ToolSource="c:\program files (x86)\arcgis\desktop10.4\ArcToolbox\Toolboxes\Data Management Tools.tbx\CalculateField">CalculateField nrfa_catchments_gb_v2016 STATION 41038 VB #</Process><Process Date="20161209" Time="123532" ToolSource="c:\program files (x86)\arcgis\desktop10.4\ArcToolbox\Toolboxes\Data Management Tools.tbx\CalculateField">CalculateField nrfa_catchments_gb_v2016 IDO 41038 VB #</Process><Process Date="20161209" Time="123537" ToolSource="c:\program files (x86)\arcgis\desktop10.4\ArcToolbox\Toolboxes\Data Management Tools.tbx\CalculateField">CalculateField nrfa_catchments_gb_v2016 HA 41 VB #</Process><Process Date="20170120" Time="093514" ToolSource="c:\program files (x86)\arcgis\desktop10.4\ArcToolbox\Toolboxes\Data Management Tools.tbx\CalculateField">CalculateField nrfa_catchments_rc ID_STRING [ID_STRING] VB #</Process><Process Date="20170120" Time="093609" ToolSource="c:\program files (x86)\arcgis\desktop10.4\ArcToolbox\Toolboxes\Data Management Tools.tbx\CalculateField">CalculateField nrfa_catchments_rc ID_STRING [STATION] VB #</Process><Process Date="20170120" Time="093615" ToolSource="c:\program files (x86)\arcgis\desktop10.4\ArcToolbox\Toolboxes\Data Management Tools.tbx\CalculateField">CalculateField nrfa_catchments_rc ID [STATION] VB #</Process><Process Date="20170120" Time="102350" ToolSource="c:\program files (x86)\arcgis\desktop10.4\ArcToolbox\Toolboxes\Data Management Tools.tbx\ChangePrivileges">ChangePrivileges 'Database Connections\NRFA_SDE_at_WLGIS.sde\NRFA_SDE.nrfa_core\NRFA_SDE.coastal_catchments_gb';'Database Connections\NRFA_SDE_at_WLGIS.sde\NRFA_SDE.nrfa_core\NRFA_SDE.nrfa_catchments';'Database Connections\NRFA_SDE_at_WLGIS.sde\NRFA_SDE.nrfa_core\NRFA_SDE.nrfa_catchments_envelopes';'Database Connections\NRFA_SDE_at_WLGIS.sde\NRFA_SDE.nrfa_core\NRFA_SDE.regions' WP_GIS GRANT #</Process><Process Date="20171024" Time="152417" ToolSource="c:\program files (x86)\arcgis\desktop10.4\ArcToolbox\Toolboxes\Data Management Tools.tbx\TruncateTable">TruncateTable NRFA_SDE.nrfa_catchments</Process><Process Date="20171024" Time="152443" ToolSource="c:\program files (x86)\arcgis\desktop10.4\ArcToolbox\Toolboxes\Data Management Tools.tbx\Append">Append catchments2upload NRFA_SDE.nrfa_catchments TEST # #</Process><Process Date="20171026" Time="105139" ToolSource="c:\program files (x86)\arcgis\desktop10.4\ArcToolbox\Toolboxes\Data Management Tools.tbx\TruncateTable">TruncateTable "Database Connections\NRFA_SDE_at_WLGIS.sde\NRFA_SDE.nrfa_core\NRFA_SDE.nrfa_catchments"</Process><Process Date="20171026" Time="105231" ToolSource="c:\program files (x86)\arcgis\desktop10.4\ArcToolbox\Toolboxes\Data Management Tools.tbx\Append">Append C:\dev\READY4UPLOAD\catchments2upload.shp "Database Connections\NRFA_SDE_at_WLGIS.sde\NRFA_SDE.nrfa_core\NRFA_SDE.nrfa_catchments" TEST # #</Process><Process Date="20180212" Time="135418" ToolSource="c:\program files (x86)\arcgis\desktop10.4\ArcToolbox\Toolboxes\Data Management Tools.tbx\CopyFeatures">CopyFeatures \\nercwlctdb.ad.nerc.ac.uk\shared\SHARED1\NRFA\gisroot\shared\WP_GIS_at_WLGIS.sde\NRFA_SDE.nrfa_core\NRFA_SDE.nrfa_catchments c:\TEMP\nrfa_export20180212134521\nrfa_export.gdb\catchments_internal # 0 0 0</Process><Process Date="20180212" Time="135429" ToolSource="c:\program files (x86)\arcgis\desktop10.4\ArcToolbox\Toolboxes\Analysis Tools.tbx\Select">Select c:\TEMP\nrfa_export20180212134521\nrfa_export.gdb\catchments_internal c:\TEMP\nrfa_export20180212134521\nrfa_export.gdb\catchments_public "ID_STRING IN ('1001','2001','2002','3001','3002','3003','3004','3005','3006','4001','4003','4004','4005','4006','4007','4008','4009','4010','4011','5001','5002','5003','5004','6001','6003','6006','6007','6008','6009','6011','6012','6013','7001','7002','7003','7004','7005','7006','7007','7008','7009','7010','7011','8001','8002','8003','8004','8005','8006','8007','8008','8009','8010','8011','8013','8015','8016','8017','8018','8021','9001','9002','9003','9004','9005','9006','9007','9008','9009','9010','10001','10002','10003','11001','11002','11003','11004','11005','11006','12001','12002','12003','12004','12005','12006','12007','12008','12009','13001','13002','13003','13004','13005','13007','13008','13009','13010','13012','13017','14001','14002','14005','14006','14007','14009','14010','15001','15002','15003','15004','15005','15006','15007','15008','15010','15011','15012','15013','15014','15015','15016','15017','15018','15021','15023','15024','15025','15027','15028','15029','15030','15032','15034','15035','15038','15039','15041','15046','16001','16002','16003','16004','16007','17001','17002','17003','17004','17005','17008','17012','17015','17016','17018','18001','18002','18003','18005','18007','18008','18010','18011','18013','18014','18015','18016','18017','18018','18019','18020','18021','18022','18023','19001','19002','19003','19004','19005','19006','19007','19008','19009','19010','19011','19012','19014','19017','19020','19021','20001','20002','20003','20004','20005','20006','20007','20008','21001','21002','21003','21005','21006','21007','21008','21009','21010','21011','21012','21013','21014','21015','21016','21017','21018','21019','21020','21021','21022','21023','21024','21025','21026','21027','21028','21029','21030','21031','21032','21034','21806','22001','22002','22003','22004','22006','22007','22008','22009','23001','23002','23003','23004','23005','23006','23007','23008','23009','23010','23011','23012','23013','23014','23015','23016','23017','23018','23022','23033','24001','24002','24003','24004','24005','24006','24007','24008','24009','24011','25001','25002','25003','25004','25005','25006','25007','25008','25009','25011','25012','25018','25019','25020','25021','25022','25023','25029','25808','25809','25810','26001','26002','26003','26004','26005','26006','26007','26008','26009','26010','26012','26802','26803','27001','27002','27003','27004','27005','27006','27007','27008','27009','27010','27011','27012','27013','27014','27015','27016','27017','27018','27019','27020','27021','27022','27023','27024','27025','27026','27027','27028','27029','27030','27031','27032','27033','27034','27035','27038','27040','27041','27042','27043','27044','27047','27048','27049','27050','27051','27052','27053','27054','27055','27056','27057','27058','27059','27061','27062','27063','27064','27065','27066','27067','27068','27069','27071','27072','27073','27074','27075','27076','27077','27079','27080','27081','27082','27083','27084','27085','27086','27087','27088','27089','27090','27091','27092','27835','27858','28001','28002','28003','28004','28005','28006','28007','28008','28009','28010','28011','28012','28014','28015','28016','28017','28018','28019','28020','28021','28022','28023','28024','28025','28026','28027','28028','28029','28030','28031','28032','28033','28035','28036','28037','28038','28039','28040','28041','28043','28044','28045','28046','28047','28048','28049','28050','28052','28053','28055','28056','28058','28059','28060','28061','28066','28067','28070','28072','28074','28079','28080','28081','28082','28083','28085','28086','28087','28091','28093','28095','28102','28103','28109','28110','28115','28116','28117','28118','29001','29002','29003','29004','29005','29009','30001','30002','30003','30004','30005','30006','30011','30012','30013','30014','30015','30017','30033','31001','31002','31004','31005','31006','31007','31008','31009','31010','31013','31016','31021','31022','31023','31024','31025','31026','31028','32001','32002','32003','32004','32006','32007','32008','32010','32012','32019','32020','32029','32031','33001','33002','33003','33004','33005','33006','33007','33009','33011','33012','33013','33014','33015','33016','33017','33018','33019','33020','33021','33022','33023','33024','33025','33026','33027','33028','33029','33030','33031','33032','33033','33034','33035','33037','33039','33040','33044','33045','33046','33048','33049','33050','33051','33052','33053','33054','33055','33056','33057','33058','33061','33062','33063','33064','33065','33066','33068','33070','34001','34002','34003','34004','34005','34006','34007','34008','34010','34011','34012','34014','34018','34019','35001','35002','35003','35004','35008','35010','35011','35013','35014','36001','36002','36003','36004','36005','36006','36007','36008','36009','36010','36011','36012','36013','36015','37001','37002','37003','37004','37005','37006','37007','37008','37009','37010','37011','37012','37013','37014','37015','37016','37017','37018','37019','37020','37021','37022','37023','37024','37025','37026','37027','37028','37029','37031','37033','37034','37038','38001','38002','38003','38004','38005','38006','38007','38011','38012','38013','38014','38015','38016','38017','38018','38019','38020','38021','38022','38023','38024','38025','38026','38027','38028','38029','38030','38031','38032','39001','39002','39003','39004','39005','39006','39007','39008','39009','39010','39011','39012','39013','39014','39015','39016','39017','39018','39019','39020','39021','39022','39023','39024','39025','39026','39027','39028','39029','39030','39031','39032','39033','39034','39035','39036','39037','39038','39039','39040','39042','39043','39044','39046','39049','39051','39052','39053','39054','39055','39056','39057','39058','39061','39065','39068','39069','39071','39072','39073','39074','39076','39077','39078','39079','39081','39084','39085','39086','39087','39088','39089','39090','39091','39092','39093','39094','39095','39096','39097','39098','39099','39100','39101','39102','39103','39104','39105','39107','39108','39109','39110','39111','39112','39113','39114','39115','39116','39118','39119','39120','39121','39122','39123','39125','39126','39127','39128','39129','39130','39131','39134','39135','39137','39138','39140','39141','39142','39143','39144','39145','39146','39147','40001','40002','40003','40004','40005','40006','40007','40008','40009','40010','40011','40012','40013','40014','40015','40016','40017','40018','40020','40021','40022','40023','40024','40025','40027','40029','40033','41001','41002','41003','41004','41005','41006','41009','41010','41011','41012','41013','41014','41015','41016','41017','41018','41019','41020','41021','41022','41023','41024','41025','41026','41027','41028','41029','41031','41033','41034','41035','41037','42001','42003','42004','42005','42006','42007','42008','42009','42010','42011','42012','42014','42015','42016','42017','42018','42019','42020','42023','42024','42025','42026','42027','43001','43003','43004','43005','43006','43007','43008','43009','43010','43011','43012','43013','43014','43017','43018','43019','43021','43022','43024','43025','43801','43806','44001','44002','44003','44004','44006','44008','44009','44011','44013','44014','44801','45001','45002','45003','45004','45005','45006','45008','45009','45010','45011','45012','45013','45816','45817','45818','46002','46003','46005','46006','46007','46008','46014','47001','47002','47003','47004','47005','47006','47007','47008','47009','47010','47011','47013','47014','47015','47016','47017','47018','47019','47020','47021','47022','47023','47024','47025','48001','48003','48004','48005','48006','48007','48009','48010','48011','48012','48801','48803','49001','49002','49003','49004','49005','49006','50001','50002','50003','50005','50006','50007','50008','50009','50010','50011','50012','50014','51001','51002','51003','52001','52002','52003','52004','52005','52006','52007','52008','52009','52010','52011','52014','52015','52016','52017','52020','52025','52026','53001','53002','53003','53004','53005','53006','53007','53008','53009','53013','53017','53018','53019','53020','53022','53023','53024','53025','53026','53028','53029','54001','54002','54003','54004','54005','54006','54007','54008','54010','54011','54012','54013','54014','54015','54016','54017','54018','54019','54020','54022','54023','54024','54025','54026','54027','54028','54029','54032','54034','54036','54038','54040','54041','54043','54044','54045','54046','54047','54048','54049','54050','54052','54053','54054','54057','54058','54059','54060','54061','54062','54063','54065','54066','54067','54069','54070','54080','54081','54083','54084','54085','54087','54088','54089','54090','54091','54092','54094','54095','54096','54097','54098','54099','54100','54102','54106','54110','54111','54114','54906','54907','55001','55002','55003','55004','55005','55006','55007','55008','55009','55010','55011','55012','55013','55014','55015','55016','55017','55018','55020','55021','55022','55023','55025','55026','55027','55028','55029','55030','55031','55032','55033','55034','55035','55036','56001','56002','56003','56004','56005','56006','56007','56011','56012','56013','56014','56015','56019','57001','57002','57003','57004','57005','57006','57007','57008','57009','57010','57014','57015','57017','57803','58001','58002','58003','58004','58005','58006','58007','58008','58009','58010','58011','58012','59001','59002','60001','60002','60003','60004','60005','60006','60007','60008','60009','60010','60012','60013','61001','61002','61003','62001','62002','63001','63002','63003','63004','64001','64002','64004','64006','64010','65001','65004','65005','65006','65007','65008','65014','65015','66001','66002','66004','66005','66006','66011','66012','66025','67001','67002','67003','67005','67006','67008','67009','67010','67013','67015','67017','67018','67020','67025','67027','67028','67029','67033','68001','68002','68003','68004','68005','68006','68007','68010','68011','68015','68018','68020','68021','68044','69001','69002','69003','69004','69005','69006','69007','69008','69011','69012','69013','69015','69017','69019','69020','69022','69023','69024','69025','69027','69028','69030','69032','69033','69035','69037','69039','69041','69042','69043','69044','69045','69046','69047','69048','69803','70001','70002','70003','70004','70005','71001','71002','71003','71004','71005','71006','71008','71009','71010','71011','71013','71014','71015','72002','72003','72004','72005','72006','72007','72008','72009','72011','72014','72015','72016','72807','72817','73002','73003','73005','73006','73008','73009','73010','73011','73012','73013','73014','73015','73017','74001','74002','74003','74005','74006','74007','74008','75001','75002','75003','75004','75005','75006','75007','75009','75010','75016','75017','76001','76002','76003','76004','76005','76007','76008','76009','76010','76011','76014','76015','76017','76019','76020','76806','76809','76811','77001','77002','77003','77004','77005','78001','78003','78004','78005','78006','79001','79002','79003','79004','79005','79006','79007','80001','80002','80003','80004','80005','80006','81001','81002','81003','81004','81005','81006','81007','82001','82002','82003','83002','83003','83004','83005','83006','83007','83008','83009','83010','83011','83012','83013','84001','84002','84003','84004','84005','84006','84007','84008','84009','84011','84012','84013','84014','84015','84016','84017','84018','84019','84020','84022','84023','84024','84025','84026','84027','84029','84030','84031','84032','84033','84034','84035','84036','84037','85001','85002','85003','85004','86001','86002','88001','89002','89003','89004','89005','89006','89007','89008','89009','90003','91002','91802','92001','92002','92003','92004','93001','93002','94001','94003','95001','95002','95003','95004','95005','95006','96001','96002','96003','96004','96005','96006','97002','101001','101002','101003','101004','101005','101006','101007','102001','105001','106001','106002','106003','107001','108001','201002','201005','201006','201007','201008','201009','201010','202001','202002','203010','203011','203012','203017','203018','203019','203020','203021','203022','203024','203025','203026','203027','203028','203029','203033','203038','203039','203040','203042','203043','203046','203049','203050','203092','203093','203097','204001','205003','205004','205005','205008','205010','205011','205015','205020','205029','205034','205101','205105','206001','206002','206004','206006','236005','236007','236051')"</Process><Process ToolSource="c:\program files (x86)\arcgis\desktop10.4\ArcToolbox\Toolboxes\Data Management Tools.tbx\CopyFeatures" Date="20180212" Time="135457">CopyFeatures c:\TEMP\nrfa_export20180212134521\nrfa_export.gdb\catchments_public c:\TEMP\nrfa_export20180212134521\shapefiles\catchments_public.shp # 0 0 0</Process><Process ToolSource="c:\program files (x86)\arcgis\desktop10.4\ArcToolbox\Toolboxes\Data Management Tools.tbx\AddField" Date="20180212" Time="135458">AddField c:\TEMP\nrfa_export20180212134521\shapefiles\catchments_public.shp SOURCE TEXT # # # # NULLABLE NON_REQUIRED #</Process><Process ToolSource="c:\program files (x86)\arcgis\desktop10.4\ArcToolbox\Toolboxes\Data Management Tools.tbx\AddField" Date="20180212" Time="135459">AddField c:\TEMP\nrfa_export20180212134521\shapefiles\catchments_public.shp VERSION TEXT # # 10 # NULLABLE NON_REQUIRED #</Process><Process ToolSource="c:\program files (x86)\arcgis\desktop10.4\ArcToolbox\Toolboxes\Data Management Tools.tbx\AddField" Date="20180212" Time="135459">AddField c:\TEMP\nrfa_export20180212134521\shapefiles\catchments_public.shp EXPORTED DATE # # # # NULLABLE NON_REQUIRED #</Process><Process ToolSource="c:\program files (x86)\arcgis\desktop10.4\ArcToolbox\Toolboxes\Data Management Tools.tbx\DeleteField" Date="20180212" Time="135504">DeleteField c:\TEMP\nrfa_export20180212134521\shapefiles\catchments_public.shp ZN;EAST;NORTH;CEAST;CNORTH;KMSQ;SR41;SR61;POTE;AE41;AE61;RO41;RO61;FLOW41;FLOW61;MSG;STATION;ISSPECIAL;IDO;HA;SHAPE_Leng;SHAPE_Area</Process><Process ToolSource="c:\program files (x86)\arcgis\desktop10.4\ArcToolbox\Toolboxes\Analysis Tools.tbx\Select" Date="20180212" Time="155108">Select c:\TEMP\nrfa_export20180212134521\shapefiles\catchments_public.shp c:\TEMP\84006.shp "ID_STRING = '84006'"</Process></lineage><itemProps><itemName Sync="TRUE">84006</itemName><imsContentType Sync="TRUE">002</imsContentType><itemSize Sync="TRUE">0.000</itemSize><itemLocation><linkage Sync="TRUE">file://\\WLD-458H95J\C$\TEMP\84006.shp</linkage><protocol Sync="TRUE">Local Area Network</protocol></itemLocation><nativeExtBox><westBL Sync="TRUE">11656.060100</westBL><eastBL Sync="TRUE">640825.000100</eastBL><southBL Sync="TRUE">27275.000100</southBL><northBL Sync="TRUE">1159875.000100</northBL><exTypeCode Sync="TRUE">1</exTypeCode></nativeExtBox></itemProps><coordRef><type Sync="TRUE">Projected</type><geogcsn Sync="TRUE">GCS_OSGB_1936</geogcsn><csUnits Sync="TRUE">Linear Unit: Meter (1.000000)</csUnits><projcsn Sync="TRUE">British_National_Grid</projcsn><peXml Sync="TRUE">&lt;ProjectedCoordinateSystem xsi:type='typens:ProjectedCoordinateSystem' xmlns:xsi='http://www.w3.org/2001/XMLSchema-instance' xmlns:xs='http://www.w3.org/2001/XMLSchema' xmlns:typens='http://www.esri.com/schemas/ArcGIS/10.4'&gt;&lt;WKT&gt;PROJCS[&amp;quot;British_National_Grid&amp;quot;,GEOGCS[&amp;quot;GCS_OSGB_1936&amp;quot;,DATUM[&amp;quot;D_OSGB_1936&amp;quot;,SPHEROID[&amp;quot;Airy_1830&amp;quot;,6377563.396,299.3249646]],PRIMEM[&amp;quot;Greenwich&amp;quot;,0.0],UNIT[&amp;quot;Degree&amp;quot;,0.0174532925199433]],PROJECTION[&amp;quot;Transverse_Mercator&amp;quot;],PARAMETER[&amp;quot;False_Easting&amp;quot;,400000.0],PARAMETER[&amp;quot;False_Northing&amp;quot;,-100000.0],PARAMETER[&amp;quot;Central_Meridian&amp;quot;,-2.0],PARAMETER[&amp;quot;Scale_Factor&amp;quot;,0.9996012717],PARAMETER[&amp;quot;Latitude_Of_Origin&amp;quot;,49.0],UNIT[&amp;quot;Meter&amp;quot;,1.0],AUTHORITY[&amp;quot;EPSG&amp;quot;,27700]]&lt;/WKT&gt;&lt;XOrigin&gt;-5220400&lt;/XOrigin&gt;&lt;YOrigin&gt;-15524400&lt;/YOrigin&gt;&lt;XYScale&gt;450481592.76709664&lt;/XYScale&gt;&lt;ZOrigin&gt;-100000&lt;/ZOrigin&gt;&lt;ZScale&gt;10000&lt;/ZScale&gt;&lt;MOrigin&gt;-100000&lt;/MOrigin&gt;&lt;MScale&gt;10000&lt;/MScale&gt;&lt;XYTolerance&gt;0.001&lt;/XYTolerance&gt;&lt;ZTolerance&gt;0.001&lt;/ZTolerance&gt;&lt;MTolerance&gt;0.001&lt;/MTolerance&gt;&lt;HighPrecision&gt;true&lt;/HighPrecision&gt;&lt;WKID&gt;27700&lt;/WKID&gt;&lt;LatestWKID&gt;27700&lt;/LatestWKID&gt;&lt;/ProjectedCoordinateSystem&gt;</peXml></coordRef></DataProperties><SyncDate>20180212</SyncDate><SyncTime>15510800</SyncTime><ModDate>20180212</ModDate><ModTime>15510800</ModTime></Esri><dataIdInfo><envirDesc Sync="TRUE">Microsoft Windows 7 Version 6.1 (Build 7601) Service Pack 1; Esri ArcGIS 10.4.1.5686</envirDesc><dataLang><languageCode Sync="TRUE" value="eng"/><countryCode Sync="TRUE" value="GBR"/></dataLang><idCitation><resTitle Sync="TRUE">84006</resTitle><presForm><PresFormCd Sync="TRUE" value="005"/></presForm></idCitation><spatRpType><SpatRepTypCd Sync="TRUE" value="001"/></spatRpType><dataExt><geoEle><GeoBndBox esriExtentType="search"><exTypeCode Sync="TRUE">1</exTypeCode><westBL Sync="TRUE">-9.001071</westBL><eastBL Sync="TRUE">2.353289</eastBL><northBL Sync="TRUE">60.323525</northBL><southBL Sync="TRUE">50.018069</southBL></GeoBndBox></geoEle></dataExt><idAbs>National River Flow Archive Catchments, see http://nrfa.ceh.ac.uk and http://nrfa.ceh.ac.uk/costs-terms-and-conditions</idAbs></dataIdInfo><mdLang><languageCode Sync="TRUE" value="eng"/><countryCode Sync="TRUE" value="GBR"/></mdLang><distInfo><distFormat><formatName Sync="TRUE">Shapefile</formatName></distFormat><distTranOps><transSize Sync="TRUE">0.000</transSize></distTranOps></distInfo><mdHrLv><ScopeCd Sync="TRUE" value="005"/></mdHrLv><mdHrLvName Sync="TRUE">dataset</mdHrLvName><refSysInfo><RefSystem><refSysID><identCode Sync="TRUE" code="27700"/><idCodeSpace Sync="TRUE">EPSG</idCodeSpace><idVersion Sync="TRUE">6.7(3.0.1)</idVersion></refSysID></RefSystem></refSysInfo><spatRepInfo><VectSpatRep><geometObjs Name="84006"><geoObjTyp><GeoObjTypCd value="002" Sync="TRUE"></GeoObjTypCd></geoObjTyp><geoObjCnt Sync="TRUE">0</geoObjCnt></geometObjs><topLvl><TopoLevCd value="001" Sync="TRUE"></TopoLevCd></topLvl></VectSpatRep></spatRepInfo><spdoinfo><ptvctinf><esriterm Name="84006"><efeatyp Sync="TRUE">Simple</efeatyp><efeageom code="4" Sync="TRUE"></efeageom><esritopo Sync="TRUE">FALSE</esritopo><efeacnt Sync="TRUE">0</efeacnt><spindex Sync="TRUE">FALSE</spindex><linrefer Sync="TRUE">FALSE</linrefer></esriterm></ptvctinf></spdoinfo><eainfo><detailed Name="84006"><enttyp><enttypl Sync="TRUE">84006</enttypl><enttypt Sync="TRUE">Feature Class</enttypt><enttypc Sync="TRUE">0</enttypc></enttyp><attr><attrlabl Sync="TRUE">FID</attrlabl><attalias Sync="TRUE">FID</attalias><attrtype Sync="TRUE">OID</attrtype><attwidth Sync="TRUE">4</attwidth><atprecis Sync="TRUE">0</atprecis><attscale Sync="TRUE">0</attscale><attrdef Sync="TRUE">Internal feature number.</attrdef><attrdefs Sync="TRUE">Esri</attrdefs><attrdomv><udom Sync="TRUE">Sequential unique whole numbers that are automatically generated.</udom></attrdomv></attr><attr><attrlabl Sync="TRUE">Shape</attrlabl><attalias Sync="TRUE">Shape</attalias><attrtype Sync="TRUE">Geometry</attrtype><attwidth Sync="TRUE">0</attwidth><atprecis Sync="TRUE">0</atprecis><attscale Sync="TRUE">0</attscale><attrdef Sync="TRUE">Feature geometry.</attrdef><attrdefs Sync="TRUE">Esri</attrdefs><attrdomv><udom Sync="TRUE">Coordinates defining the features.</udom></attrdomv></attr><attr><attrlabl Sync="TRUE">ID_STRING</attrlabl><attalias Sync="TRUE">ID_STRING</attalias><attrtype Sync="TRUE">String</attrtype><attwidth Sync="TRUE">15</attwidth><atprecis Sync="TRUE">0</atprecis><attscale Sync="TRUE">0</attscale></attr><attr><attrlabl Sync="TRUE">ID</attrlabl><attalias Sync="TRUE">ID</attalias><attrtype Sync="TRUE">Double</attrtype><attwidth Sync="TRUE">19</attwidth><atprecis Sync="TRUE">0</atprecis><attscale Sync="TRUE">0</attscale></attr><attr><attrlabl Sync="TRUE">SOURCE</attrlabl><attalias Sync="TRUE">SOURCE</attalias><attrtype Sync="TRUE">String</attrtype><attwidth Sync="TRUE">254</attwidth><atprecis Sync="TRUE">0</atprecis><attscale Sync="TRUE">0</attscale></attr><attr><attrlabl Sync="TRUE">VERSION</attrlabl><attalias Sync="TRUE">VERSION</attalias><attrtype Sync="TRUE">String</attrtype><attwidth Sync="TRUE">10</attwidth><atprecis Sync="TRUE">0</atprecis><attscale Sync="TRUE">0</attscale></attr><attr><attrlabl Sync="TRUE">EXPORTED</attrlabl><attalias Sync="TRUE">EXPORTED</attalias><attrtype Sync="TRUE">Date</attrtype><attwidth Sync="TRUE">8</attwidth><atprecis Sync="TRUE">0</atprecis><attscale Sync="TRUE">0</attscale></attr></detailed></eainfo><mdDateSt Sync="TRUE">20180212</mdDateSt></metadata>
